non fci,t1
non fci,t10
non fci,t100
fci,t101
non fci,t102
non fci,t103
non fci,t104
non fci,t105
non fci,t106
non fci,t107
non fci,t108
non fci,t109
non fci,t11
non fci,t110
non fci,t111
non fci,t112
non fci,t113
non fci,t114
fci,t115
non fci,t116
non fci,t117
non fci,t118
non fci,t119
non fci,t12
non fci,t120
non fci,t121
non fci,t122
non fci,t123
non fci,t124
non fci,t125
non fci,t126
non fci,t127
non fci,t128
non fci,t129
non fci,t13
non fci,t130
non fci,t131
non fci,t132
non fci,t133
non fci,t134
non fci,t135
non fci,t136
non fci,t137
non fci,t138
non fci,t139
non fci,t14
non fci,t140
non fci,t141
non fci,t142
non fci,t143
non fci,t144
non fci,t145
non fci,t146
non fci,t147
non fci,t148
non fci,t149
non fci,t15
non fci,t150
non fci,t151
non fci,t152
non fci,t153
non fci,t154
non fci,t155
non fci,t156
non fci,t157
non fci,t158
non fci,t159
non fci,t16
non fci,t160
non fci,t161
non fci,t162
non fci,t163
non fci,t164
non fci,t165
non fci,t166
non fci,t167
non fci,t168
non fci,t169
non fci,t17
non fci,t170
non fci,t171
non fci,t172
non fci,t173
non fci,t174
non fci,t175
non fci,t176
non fci,t177
non fci,t178
non fci,t179
non fci,t18
non fci,t180
non fci,t181
non fci,t182
non fci,t183
non fci,t184
non fci,t185
non fci,t186
non fci,t187
non fci,t188
non fci,t189
non fci,t19
non fci,t190
non fci,t191
non fci,t192
non fci,t193
non fci,t194
non fci,t195
non fci,t196
non fci,t197
non fci,t198
non fci,t199
non fci,t2
non fci,t20
non fci,t200
non fci,t201
non fci,t202
non fci,t203
non fci,t204
non fci,t205
non fci,t206
non fci,t207
non fci,t208
non fci,t209
non fci,t21
non fci,t210
non fci,t211
non fci,t212
non fci,t213
non fci,t214
non fci,t215
non fci,t216
non fci,t217
non fci,t218
non fci,t219
non fci,t22
non fci,t220
non fci,t221
non fci,t222
non fci,t223
non fci,t224
non fci,t225
non fci,t226
non fci,t227
non fci,t228
non fci,t229
non fci,t23
non fci,t230
non fci,t231
non fci,t232
non fci,t233
non fci,t234
non fci,t235
non fci,t236
non fci,t237
non fci,t238
non fci,t239
non fci,t24
non fci,t240
non fci,t241
non fci,t242
non fci,t243
non fci,t244
non fci,t245
non fci,t246
non fci,t247
non fci,t248
non fci,t249
non fci,t25
non fci,t250
non fci,t251
non fci,t252
non fci,t253
non fci,t254
non fci,t255
non fci,t256
non fci,t257
non fci,t258
non fci,t259
non fci,t26
fci,t260
non fci,t261
non fci,t262
non fci,t263
non fci,t264
non fci,t265
non fci,t266
non fci,t267
non fci,t268
non fci,t269
non fci,t27
non fci,t270
non fci,t271
non fci,t272
non fci,t273
non fci,t274
non fci,t275
non fci,t276
non fci,t277
non fci,t278
non fci,t279
non fci,t28
non fci,t280
non fci,t281
non fci,t282
non fci,t283
fci,t284
fci,t285
non fci,t286
non fci,t287
fci,t288
non fci,t289
non fci,t29
non fci,t290
non fci,t291
non fci,t292
non fci,t293
non fci,t294
non fci,t295
fci,t296
non fci,t297
non fci,t298
non fci,t299
non fci,t3
non fci,t30
non fci,t300
non fci,t301
non fci,t302
non fci,t303
non fci,t304
non fci,t305
non fci,t306
non fci,t307
non fci,t308
non fci,t309
non fci,t31
non fci,t310
non fci,t311
non fci,t312
fci,t313
non fci,t314
non fci,t315
non fci,t316
non fci,t317
non fci,t318
non fci,t319
non fci,t32
fci,t320
non fci,t321
non fci,t322
non fci,t323
non fci,t324
non fci,t325
non fci,t326
non fci,t327
non fci,t328
non fci,t329
non fci,t33
non fci,t330
non fci,t331
non fci,t332
non fci,t333
non fci,t334
non fci,t335
non fci,t336
non fci,t337
fci,t338
non fci,t339
non fci,t34
non fci,t340
fci,t341
non fci,t342
non fci,t343
fci,t344
non fci,t345
non fci,t346
fci,t347
non fci,t348
non fci,t349
non fci,t35
non fci,t350
non fci,t351
non fci,t352
non fci,t353
non fci,t354
non fci,t355
non fci,t356
non fci,t357
non fci,t358
fci,t359
non fci,t36
non fci,t360
non fci,t361
non fci,t362
non fci,t363
non fci,t364
non fci,t365
non fci,t366
non fci,t367
non fci,t368
fci,t369
non fci,t37
non fci,t370
non fci,t371
non fci,t372
non fci,t373
non fci,t374
non fci,t375
non fci,t376
non fci,t377
non fci,t378
non fci,t379
non fci,t38
non fci,t380
non fci,t381
non fci,t382
non fci,t383
fci,t384
non fci,t385
non fci,t386
non fci,t387
non fci,t388
non fci,t389
non fci,t39
non fci,t390
non fci,t391
non fci,t392
fci,t393
non fci,t394
non fci,t395
non fci,t396
non fci,t397
non fci,t398
non fci,t399
non fci,t4
non fci,t40
non fci,t400
non fci,t401
non fci,t402
non fci,t403
non fci,t404
fci,t405
non fci,t406
fci,t407
non fci,t408
non fci,t409
non fci,t41
non fci,t410
non fci,t411
fci,t412
non fci,t413
non fci,t414
non fci,t415
non fci,t416
non fci,t417
non fci,t418
non fci,t419
non fci,t42
non fci,t420
non fci,t421
non fci,t422
non fci,t423
non fci,t424
non fci,t425
non fci,t426
non fci,t427
non fci,t428
non fci,t429
non fci,t43
non fci,t430
non fci,t431
non fci,t432
non fci,t433
non fci,t434
non fci,t435
non fci,t436
non fci,t437
non fci,t438
non fci,t439
non fci,t44
non fci,t440
non fci,t441
non fci,t442
non fci,t443
non fci,t444
non fci,t445
non fci,t446
non fci,t447
non fci,t448
non fci,t449
non fci,t45
fci,t450
non fci,t451
non fci,t452
non fci,t453
non fci,t454
fci,t455
non fci,t456
non fci,t457
non fci,t458
non fci,t459
non fci,t46
non fci,t460
non fci,t461
non fci,t462
non fci,t463
non fci,t464
non fci,t465
fci,t466
fci,t467
non fci,t468
non fci,t469
non fci,t47
non fci,t470
non fci,t471
non fci,t472
non fci,t473
non fci,t474
non fci,t475
non fci,t476
non fci,t477
non fci,t478
non fci,t479
non fci,t48
non fci,t480
non fci,t481
non fci,t482
non fci,t483
non fci,t484
non fci,t485
non fci,t486
non fci,t487
non fci,t488
non fci,t489
non fci,t49
non fci,t490
non fci,t491
non fci,t492
non fci,t493
non fci,t494
non fci,t495
non fci,t496
non fci,t497
non fci,t498
non fci,t5
non fci,t50
non fci,t51
non fci,t52
non fci,t53
non fci,t54
non fci,t55
non fci,t56
non fci,t57
non fci,t58
non fci,t59
non fci,t6
non fci,t60
non fci,t61
non fci,t62
non fci,t63
non fci,t64
non fci,t65
non fci,t66
non fci,t67
non fci,t68
non fci,t69
non fci,t7
non fci,t70
non fci,t71
non fci,t72
non fci,t73
non fci,t74
non fci,t75
non fci,t76
non fci,t77
non fci,t78
non fci,t79
non fci,t8
non fci,t80
non fci,t81
non fci,t82
non fci,t83
non fci,t84
non fci,t85
non fci,t86
non fci,t87
non fci,t88
non fci,t89
non fci,t9
non fci,t90
non fci,t91
non fci,t92
non fci,t93
non fci,t94
non fci,t95
non fci,t96
non fci,t97
non fci,t98
non fci,t99
